,default,prestige_1,prestige_2,prestige_3,prestige_4,prestige_5,prestige_6,prestige_7,prestige_8,prestige_9,prestige_10,VIP,VIP+,bigdog,king,overlord,moneybags,lifetime,britchatmod,britmod,britseniormod,britadmin,britheadadmin,britmanager,,,,,
abandonedbases.admin,,,,,,,,,,,,,,,,,,,,,,X,X,X,,,,,
abandonedbases.admindrawentity,,,,,,,,,,,,,,,,,,,,,,,,,,,,,
abandonedbases.attack,X,,,,,,,,,,,,,,,,,,,,,,,,,,,,
abandonedbases.attack.lastseen,X,,,,,,,,,,,,,,,,,,,,,,,,,,,,
abandonedbases.attack.time,X,,,,,,,,,,,,,,,,,,,,,,,,,,,,
abandonedbases.basic,,,,,,,,,,,,,,,,,,,,,,,,,,,,,
abandonedbases.canbypass,,,,,,,,,,,,,,,,,,,,,,,,,,,,,
abandonedbases.convert,,,,,,,,,,,,,,,,,,,,,,,,,,,,,
abandonedbases.convert.cancel,,,,,,,,,,,,,,,,,,,,,,,,,,,,,
abandonedbases.convert.cancel.manual,,,,,,,,,,,,,,,,,,,,,,,,,,,,,
abandonedbases.convert.cancel.nocooldown,,,,,,,,,,,,,,,,,,,,,,,,,,,,,
abandonedbases.convert.claim,,,,,,,,,,,,,,,,,,,,,,,,,,,,,
abandonedbases.convert.free,,,,,,,,,,,,,,,,,,,,,,,,,,,,,
abandonedbases.convert.nocooldown,,,,,,,,,,,,,,,,,,,,,,,,,,,,,
abandonedbases.exclude,,,,,,,,,,,,,,,,,,,,,,X,X,X,,,,,
abandonedbases.immune,,,,,,,,,,,,,,,,,,,,,,X,X,X,,,,,
abandonedbases.manualnotices,,,,,,,,,,,,,,,,,,,,,,,,,,,,,
abandonedbases.noentitylimit,,,,,,,,,,,,,,,,,,,,,,,,,,,,,
abandonedbases.noeventcooldown,,,,,,,,,,,,,,,,,,,,,,,,,,,,,
abandonedbases.notices,X,,,,,,,,,,,,,,,,,,,,,,,,,,,,
abandonedbases.purgeday,,,,,,,,,,,,,,,,,,,,,,,,,,,,,
abandonedbases.report,,,,,,,,,,,,,,,,,,,,,,,,,,,,,
abandonedbases.teleport,,,,,,,,,,,,,,,,,,,,,,,,,,,,,
abandonedbases.time,,,,,,,,,,,,,,,,,,,,,,,,,,,,,
abandonedbases.veteran,,,,,,,,,,,,,,,,,,,,,,,,,,,,,
abandonedbases.vip,,,,,,,,,,,,,,,,,,,,,,,,,,,,,
absolutsorter.allow,,,,,,,,,,,,,X,X,X,X,X,X,X,X,X,X,X,X,,,,,
absolutsorter.dumpall,,,,,,,,,,,,,X,X,X,X,X,X,X,X,X,X,X,X,,,,,
absolutsorter.lootall,,,,,,,,,,,,,X,X,X,X,X,X,X,X,X,X,X,X,,,,,
absolutsorter.nearby,,,,,,,,,,,,,X,X,X,X,X,X,X,X,X,X,X,X,,,,,
absolutsorter.nearby.command,,,,,,,,,,,,,X,X,X,X,X,X,X,X,X,X,X,X,,,,,
acespython.admin,,,,,,,,,,,,,,,,,,,,,X,X,X,X,,,,,
adminmodule.carbon.quickactions,,,,,,,,,,,,,,,,,,,,,,,X,X,,,,,
adminmodule.carbon.quickactions.edit,,,,,,,,,,,,,,,,,,,,,,,X,X,,,,,
adminmodule.carbon.server_config,,,,,,,,,,,,,,,,,,,,,,,X,X,,,,,
adminmodule.carbon.server_console,,,,,,,,,,,,,,,,,,,,,,,X,X,,,,,
adminmodule.carbon.server_info,,,,,,,,,,,,,,,,,,,,,,,X,X,,,,,
adminmodule.carbon.server_settings,,,,,,,,,,,,,,,,,,,,,,,X,X,,,,,
adminmodule.carbon.use,,,,,,,,,,,,,,,,,,,,,,X,X,X,,,,,
adminmodule.config.use,,,,,,,,,,,,,,,,,,,,,,X,X,X,,,,,
adminmodule.entities.blind_players,,,,,,,,,,,,,,,,,,,,,,,X,X,,,,,
adminmodule.entities.kill_entity,,,,,,,,,,,,,,,,,,,,,,,X,X,,,,,
adminmodule.entities.loot_entity,,,,,,,,,,,,,,,,,,,,,,,X,X,,,,,
adminmodule.entities.loot_players,,,,,,,,,,,,,,,,,,,,,,X,X,X,,,,,
adminmodule.entities.owner_change,,,,,,,,,,,,,,,,,,,,,,,X,X,,,,,
adminmodule.entities.respawn_players,,,,,,,,,,,,,,,,,,,,,,X,X,X,,,,,
adminmodule.entities.spectate_players,,,,,,,,,,,,,,,,,,,,,X,X,X,X,,,,,
adminmodule.entities.tp_entity,,,,,,,,,,,,,,,,,,,,,,X,X,X,,,,,
adminmodule.entities.use,,,,,,,,,,,,,,,,,,,,,,,X,X,,,,,
adminmodule.environment.use,,,,,,,,,,,,,,,,,,,,,,,X,X,,,,,
adminmodule.modules.config_edit,,,,,,,,,,,,,,,,,,,,,,,X,X,,,,,
adminmodule.modules.use,,,,,,,,,,,,,,,,,,,,,,,X,X,,,,,
adminmodule.permissions.use,,,,,,,,,,,,,,,,,,,,,,,X,X,,,,,
adminmodule.players.craft_queue,,,,,,,,,,,,,,,,,,,,,,,X,X,,,,,
adminmodule.players.inventory_management,,,,,,,,,,,,,,,,,,,,,,X,X,X,,,,,
adminmodule.players.see_ips,,,,,,,,,,,,,,,,,,,,,,X,X,X,,,,,
adminmodule.players.use,,,,,,,,,,,,,,,,,,,,,,,X,X,,,,,
adminmodule.plugins.setup,,,,,,,,,,,,,,,,,,,,,,,X,X,,,,,
adminmodule.plugins.use,,,,,,,,,,,,,,,,,,,,,,X,,X,,,,,
adminmodule.profiler.sourceviewer,,,,,,,,,,,,,,,,,,,,,,,X,X,,,,,
adminmodule.profiler.startstop,,,,,,,,,,,,,,,,,,,,,,,X,X,,,,,
adminmodule.profiler.use,,,,,,,,,,,,,,,,,,,,,,,X,X,,,,,
adminmodule.wizard,,,,,,,,,,,,,,,,,,,,,,,X,X,,,,,
adminradar.allowed,,,,,,,,,,,,,,,,,,,,,X,X,X,X,,,,,
adminradar.auto,,,,,,,,,,,,,,,,,,,,,,,,,,,,,
adminradar.bypass,,,,,,,,,,,,,,,,,,,,,,,X,X,,,,,
adminradar.bypass.override,,,,,,,,,,,,,,,,,,,,,,,,X,,,,,
adminradar.list,,,,,,,,,,,,,,,,,,,,,,,,X,,,,,
afk.excluded,,,,,,,,,,,,,,,,,,,,X,X,X,X,X,,,,,
autochatmessage.admin,,,,,,,,,,,,,,,,,,,,,,X,X,X,,,,,
automaticauthorization.use,X,,,,,,,,,,,,,,,,,,,,,X,X,X,,,,,
backpackbutton.use,X,,,,,,,,,,,,,,,,,,,,,X,X,X,,,,,
backpacks.admin,,,,,,,,,,,,,,,,,,,,,,X,X,X,,,,,
backpacks.admin.protected,,,,,,,,,,,,,,,,,,,,,,,,X,,,,,
backpacks.fetch,,,,,,,,,,,,,,,,,,,,,,,X,X,,,,,
backpacks.gather,,,,,,,,,,,,,,,,,,,,,,,,X,,,,,
backpacks.gui,,,,,,,,,,,,,,,,,,,,,,,X,X,,,,,
backpacks.keepondeath,X,,,,,,,,,,,,,,,,,,,,,,,,,,,,
backpacks.keeponwipe.all,,,,,,,,,,,,,,,,,,,,,,,,,,,,,
backpacks.restrictions.allowall,,,,,,,,,,,,,,,,,,,,,,,,X,,,,,
backpacks.retrieve,,,,,,,,,,,,,,,,,,,,,,,,X,,,,,
backpacks.size.12,X,,,,,,,,,,,,,,,,,,,,,,,,,,,,
backpacks.size.144,,,,,,,,,,,X,,,,,,,X,,,,X,X,X,,,,,
backpacks.size.18,,X,,,,,,,,,,,X,,,,,,,X,X,X,X,X,,,,,
backpacks.size.24,,,X,,,,,,,,,,,,,,,,,,,,,,,,,,
backpacks.size.30,,,,X,,,,,,,,,,X,,,,,,,,,,,,,,,
backpacks.size.36,,,,,X,,,,,,,,,,X,,,,X,X,X,X,X,,,,,,
backpacks.size.42,,,,,,X,,,,,,,,,,,,,,,,,,,,,,,
backpacks.size.48,,,,,,,X,,,,,,,,,X,,,,,,,,,,,,,
backpacks.size.6,,,,,,,,,,,,,,,,,,,,,,,,,,,,,
backpacks.size.96,,,,,,,,X,,,,,,,,,X,,,,,,,,,,,,
backpacks.use,X,,,,,,,,,,,,,,,,,,,,,,,,,,,,
betterchat.admin,,,,,,,,,,,,,,,,,,,,,,,,X,,,,,
betterchatgradients.admin,,,,,,,,,,,,,,,,,,,,,,,,,,,,,
betterchatmute.permanent,,,,,,,,,,,,,,,,,,,,,,,X,X,,,,,
betterchatmute.use,,,,,,,,,,,,,,,,,,,,,,,X,X,,,,,
betterchatmute.use.global,,,,,,,,,,,,,,,,,,,,,,,X,X,,,,,
bgrade.1,,,,,,,,,,,,,,,,,,,,,,,,,,,,,
bgrade.2,,,,,,,,,,,,,,,,,,,,,,,,,,,,,
bgrade.3,,,,,,,,,,,,,,,,,,,,,,,,,,,,,
bgrade.4,,,,,,,,,,,,,,,,,,,,,,,,,,,,,
bgrade.all,,,,,,,,,,,,,X,X,X,X,X,X,X,X,X,X,X,X,,,,,
bgrade.nores,,,,,,,,,,,,,,,,,,,,,,X,X,X,,,,,
blueprintmanager.admin,,,,,,,,,,,,,,,,,,,,,,X,X,X,,,,,
blueprintmanager.all,,,,,,,,,,,,,,,,,,,,,,X,X,X,,,,,
blueprintmanager.ammunition,,,,,,,,,,,,,,,,,,,,,,,,,,,,,
blueprintmanager.attire,,,,,,,,,,,,,,,,,,,,,,,,,,,,,
blueprintmanager.component,,,,,,,,,,,,,,,,,,,,,,,,,,,,,
blueprintmanager.construction,,,,,,,,,,,,,,,,,,,,,,,,,,,,,
blueprintmanager.customperm2,,,,,,,,,,,,,,,,,,,,,,,,,,,,,
blueprintmanager.electrical,,,,,,,,,,,,,,,,,,,,,,,,,,,,,
blueprintmanager.fun,,,,,,,,,,,,,,,,,,,,,,,,,,,,,
blueprintmanager.items,,,,,,,,,,,,,,,,,,,,,,,,,,,,,
blueprintmanager.medical,,,,,,,,,,,,,,,,,,,,,,,,,,,,,
blueprintmanager.misc,,,,,,,,,,,,,,,,,,,,,,,,,,,,,
blueprintmanager.newstuff,X,,,,,,,,,,,,,,,,,,,,,,,,,,,,
blueprintmanager.resources,,,,,,,,,,,,,,,,,,,,,,,,,,,,,
blueprintmanager.tool,,,,,,,,,,,,,,,,,,,,,,,,,,,,,
blueprintmanager.traps,,,,,,,,,,,,,,,,,,,,,,,,,,,,,
blueprintmanager.weapon,,,,,,,,,,,,,,,,,,,,,,,,,,,,,
blueprintmanager.workbenchlvl0,,,,,,,,,,,,,,,,,,,,,,,,,,,,,
blueprintmanager.workbenchlvl1,,,,,,,,,,,,,,,,,,,,,,,,,,,,,
blueprintmanager.workbenchlvl2,,X,,,,,,,,,,,,,,,,,,,,,,,,,,,
blueprintmanager.workbenchlvl3,,,X,,,,,,,,,,,,,,,,,,,,,,,,,,
blueprintshare.bypass,,,,,,,,,,,,,,,,,,,,,,,,,,,,,
blueprintshare.share,X,,,,,,,,,,,,,,,,,,,,,,,,,,,,
blueprintshare.show,,,,,,,,,,,,,,,,,,,,,,,,,,,,,
blueprintshare.toggle,,,,,,,,,,,,,,,,,,,,,,,,,,,,,
blueprintshare.use,X,,,,,,,,,,,,,,,,,,,,,,,,,,,,
bradleydrops.admin,,,,,,,,,,,,,,,,,,,,,,X,X,X,,,,,
bradleydrops.buy,,,,,,,,,,,,,,,,,,,,,,,,,,,,,
bradleydrops.bypasscooldown,,,,,,,,,,,,,,,,,,,,,,X,X,X,,,,,
bradleydrops.easy,X,,,,,,,,,,,,,,,,,,,,,,,,,,,,
bradleydrops.elite,X,,,,,,,,,,,,,,,,,,,,,,,,,,,,
bradleydrops.examplevip1,,,,,,,,,,,,,,,,,,,,,,,,,,,,,
bradleydrops.examplevip2,,,,,,,,,,,,,,,,,,,,,,,,,,,,,
bradleydrops.examplevip3,,,,,,,,,,,,,,,,,,,,,,,,,,,,,
bradleydrops.hard,X,,,,,,,,,,,,,,,,,,,,,,,,,,,,
bradleydrops.medium,X,,,,,,,,,,,,,,,,,,,,,,,,,,,,
britsgoldenm249.give,,,,,,,,,,,,,,,,,,,,,X,X,X,X,,,,,
buildingworkbench.cancelcraft,,,,,,,,,,,,,,,,,,,,,,,,,,,,,
buildingworkbench.use,X,,,,,,,,,,,,,,,,,,,,,,,,,,,,
bypassqueue.allow,,,,,,,,,,,,X,X,X,X,X,X,X,X,X,X,X,X,X,,,,,
carbon.cadmin,,,,,,,,,,,,,,,,,,,,,,,,X,,,,,
carbon.cmod,,,,,,,,,,,,,,,,,,,,,,,,,,,,,
cheststacks.annual,,,,,,,,,,,,,,,,,,X,,,,,,,,,,,
cheststacks.bigdog,,,,,,,,,,,,,,X,,,,,,,,,,,,,,,
cheststacks.king,,,,,,,,,,,,,,,X,,,,,,,,,,,,,,
cheststacks.moneybags,,,,,,,,,,,,,,,,,X,,X,X,X,X,X,X,,,,,
cheststacks.overlord,,,,,,,,,,,,,,,,X,,,,,,,,,,,,,
cheststacks.use,X,,,,,,,,,,,,,,,,,,,,,,,,,,,,
cheststacks.vip,,,,,,,,,,,,,X,,,,,,,,,,X,X,,,,,
clans.cancreate,X,,,,,,,,,,,,,,,,,,,,,,,,,,,,
clans.candisband,X,,,,,,,,,,,,,,,,,,,,,,,,,,,,
clans.canjoin,X,,,,,,,,,,,,,,,,,,,,,,,,,,,,
clans.cankick,X,,,,,,,,,,,,,,,,,,,,,,,,,,,,
clans.canleave,X,,,,,,,,,,,,,,,,,,,,,,,,,,,,
clans.claninfo,,,,,,,,,,,,,,,,,,,,,,,,,,,,,
collectionlog.use,X,,,,,,,,,,,,,,,,,,,,,,,,,,,,
conveyorstacks.amount.100,,,,,,,,,,,,,,,,,,,,,,,,,,,,,
conveyorstacks.amount.1000,,,,,,,,,,,,,,,,,,,,,,,,,,,,,
conveyorstacks.amount.10000,X,,,,,,,,,,,,,,,,,,,,,,,,,,,,
conveyorstacks.amount.100000,,,,,,,,,,,,,,,,,,,,,,,,,,,,,
cooking.admin,,,,,,,,,,,,,,,,,,,,,,X,X,X,,,,,
cooking.bag.cmd,X,,,,,,,,,,,,,,,,,,,,,,,,,,,,
cooking.buffdurationmodifier.0.2,,,,,,,,,,,,,,,,,,,,,,,,,,,,,
cooking.buffdurationmodifier.0.4,,,,,,,,,,,,,,,,,,,,,,,,,,,,,
cooking.buffdurationmodifier.0.6,,,,,,,,,,,,,,,,,,,,,,,,,,,,,
cooking.buffdurationmodifier.0.8,,,,,,,,,,,,,,,,,,,,,,,,,,,,,
cooking.buffdurationmodifier.1,,,,,,,,,,,,,,,,,,,,,,,,,,,,,
cooking.cookingtimemodifier.0.2,,,,,,,,,,,,,,,,,,,,,,,,,,,,,
cooking.cookingtimemodifier.0.4,,,,,,,,,,,,,,,,,,,,,,,,,,,,,
cooking.cookingtimemodifier.0.6,,,,,,,,,,,,,,,,,,,,,,,,,,,,,
cooking.cookingtimemodifier.0.8,,,,,,,,,,,,,,,,,,,,,,,,,,,,,
cooking.cookingtimemodifier.1,,,,,,,,,,,,,,,,,,,,,,,,,,,,,
cooking.disable.notify.drop,,,,,,,,,,,,,,,,,,,,,,,,,,,,,
cooking.disable.notify.proc,,,,,,,,,,,,,,,,,,,,,,,,,,,,,
cooking.disable.sound,,,,,,,,,,,,,,,,,,,,,,,,,,,,,
cooking.free,,,,,,,,,,,,,,,,,,,,,,,,,,,,,
cooking.gather,X,,,,,,,,,,,,,,,,,,,,,,,,,,,,
cooking.ingredientchancemodifier.0.2,,,,,,,,,,,,,,,,,,,,,,,,,,,,,
cooking.ingredientchancemodifier.0.4,,,,,,,,,,,,,,,,,,,,,,,,,,,,,
cooking.ingredientchancemodifier.0.6,,,,,,,,,,,,,,,,,,,,,,,,,,,,,
cooking.ingredientchancemodifier.0.8,,,,,,,,,,,,,,,,,,,,,,,,,,,,,
cooking.ingredientchancemodifier.1,,,,,,,,,,,,,,,,,,,,,,,,,,,,,
cooking.instant,,,,,,,,,,,,,,,,,,,,,,,,,,,,,
cooking.market.cmd,X,,,,,,,,,,,,,,,,,,,,,,,,,,,,
cooking.market.npc,X,,,,,,,,,,,,,,,,,,,,,,,,,,,,
cooking.nogather,,,,,,,,,,,,,,,,,,,,,,,,,,,,,
cooking.recipecards,,,,,,,,,,,,,,,,,,,,,,,,,,,,,
cooking.recipemenu.chat,X,,,,,,,,,,,,,,,,,,,,,,,,,,,,
cooking.use,X,,,,,,,,,,,,,,,,,,,,,,,,,,,,
cooking.vip,,X,,,,,,,,,,,X,X,X,X,X,X,X,X,X,X,X,X,,,,,
copypaste.copy,,,,,,,,,,,,,,,,,,,,,,X,X,X,,,,,
copypaste.list,,,,,,,,,,,,,,,,,,,,,,,X,X,,,,,
copypaste.paste,,,,,,,,,,,,,,,,,,,,,,,X,X,,,,,
copypaste.pasteback,,,,,,,,,,,,,,,,,,,,,,,X,X,,,,,
copypaste.undo,,,,,,,,,,,,,,,,,,,,,,,X,X,,,,,
craftingmanager.instant.allow,,,,,,,,,,,,,,,X,X,X,X,X,X,X,X,X,X,,,,,
craftingmanager.profile.bigdog,,,X,,,,,,,,,,,X,X,,,,,,,,,,,,,,
craftingmanager.profile.king,,,,X,,,,,,,,,,,X,,,,,,,,,,,,,,
craftingmanager.profile.moneybags,,,,,X,,,,,,,,,,,X,X,X,X,X,X,X,X,X,,,,,
craftingmanager.profile.overlord,,,,,X,,,,,,,,,,,X,,,,,,,,,,,,,
craftingmanager.profile.vip,,X,,,,,,,,,,X,X,X,X,,,,,X,X,X,X,X,,,,,
customhelicoptertiers2.admin,,,,,,,,,,,,,,,,,,,,,,X,X,X,,,,,
customhelicoptertiers2.easy.single,X,,,,,,,,,,,,,,,,,,,,,,,,,,,,
customhelicoptertiers2.elite.single,X,,,,,,,,,,,,,,,,,,,,,,,,,,,,
customhelicoptertiers2.hard.single,X,,,,,,,,,,,,,,,,,,,,,,,,,,,,
customhelicoptertiers2.legendary.single,X,,,,,,,,,,,,,,,,,,,,,,,,,,,,
customhelicoptertiers2.medium.single,X,,,,,,,,,,,,,,,,,,,,,,,,,,,,
customhelicoptertiers2.multieasy.single,X,,,,,,,,,,,,,,,,,,,,,,,,,,,,
customhelicoptertiers2.multihard.single,X,,,,,,,,,,,,,,,,,,,,,,,,,,,,
customhelicoptertiers2.multimedium.single,X,,,,,,,,,,,,,,,,,,,,,,,,,,,,
customrecycle.give,,,,,,,,,,,,,,,,,,,,,,,,,,,,,
customvendingsetup.use,,,,,,,,,,,,,,,,,,,,,X,X,X,X,,,,,
de.debug,,,,,,,,,,,,,,,,,,,,,,,,,,,,,
de.help,,,,,,,,,,,,,,,,,,,,,,,,,,,,,
de.log.console,,,,,,,,,,,,,,,,,,,,,,,,,,,,,
de.log.file,,,,,,,,,,,,,,,,,,,,,,,,,,,,,
de.placeholders.list,,,,,,,,,,,,,,,,,,,,,,,,,,,,,
de.pool.clearentities,,,,,,,,,,,,,,,,,,,,,,,,,,,,,
de.pool.remove,,,,,,,,,,,,,,,,,,,,,,,,,,,,,
de.rest.reset,,,,,,,,,,,,,,,,,,,,,,,,,,,,,
de.search.highperformance.enable,,,,,,,,,,,,,,,,,,,,,,,,,,,,,
de.validation.enable,,,,,,,,,,,,,,,,,,,,,,,,,,,,,
de.version,,,,,,,,,,,,,,,,,,,,,,,,,,,,,
de.websocket.reconnect,,,,,,,,,,,,,,,,,,,,,,,,,,,,,
de.websocket.reset,,,,,,,,,,,,,,,,,,,,,,,,,,,,,
dungeonevents.admin,,,,,,,,,,,,,,,,,,,,,,X,X,X,,,,,
dungeonevents.buy,X,,,,,,,,,,,,,,,,,,,,,,,,,,,,
dungeonevents.enter,X,,,,,,,,,,,,,,,,,,,,,,,,,,,,
entityhealthbar.use,X,,,,,,,,,,,,,,,,,,,,,,,,,,,,
eooooka.give,,,,,,,,,,,,,,,,,,,,,X,X,X,X,,,,,
extendedindustrial.all,,,,,,,,,,,,,,,,,,,,,,,,,,,,,
extendedindustrial.attach,,,,,,,,,,,,,,,,,,,,,,,,,,,,,
extendedindustrial.autorecycle,X,,,,,,,,,,,,,,,,,,,,,,,,,,,,
extendedindustrial.autoturret,,,,,,,,,,,,,,,,,,,,,,,,,,,,,
extendedindustrial.bbq,,,,,,,,,,,,,,,,,,,,,,,,,,,,,
extendedindustrial.beehive,,,,,,,,,,,,,,,,,,,,,,,,,,,,,
extendedindustrial.campfire,,,,,,,,,,,,,,,,,,,,,,,,,,,,,
extendedindustrial.chickencoop,,,,,,,,,,,,,,,,,,,,,,,,,,,,,
extendedindustrial.composter,X,,,,,,,,,,,,,,,,,,,,,,,,,,,,
extendedindustrial.dropbox,,,,,,,,,,,,,,,,,,,,,,,,,,,,,
extendedindustrial.fireplace,,,,,,,,,,,,,,,,,,,,,,,,,,,,,
extendedindustrial.fishtrap,X,,,,,,,,,,,,,,,,,,,,,,,,,,,,
extendedindustrial.flameturret,,,,,,,,,,,,,,,,,,,,,,,,,,,,,
extendedindustrial.fogmachine,,,,,,,,,,,,,,,,,,,,,,,,,,,,,
extendedindustrial.fuelgenerator,,,,,,,,,,,,,,,,,,,,,,,,,,,,,
extendedindustrial.furnace,X,,,,,,,,,,,,,,,,,,,,,,,,,,,,
extendedindustrial.guntrap,,,,,,,,,,,,,,,,,,,,,,,,,,,,,
extendedindustrial.hab_storage,,,,,,,,,,,,,,,,,,,,,,,,,,,,,
extendedindustrial.hitchtrough,,,,,,,,,,,,,,,,,,,,,,,,,,,,,
extendedindustrial.hobobarrel,,,,,,,,,,,,,,,,,,,,,,,,,,,,,
extendedindustrial.mixingtable,X,,,,,,,,,,,,,,,,,,,,,,,,,,,,
extendedindustrial.place,X,,,,,,,,,,,,,,,,,,,,,,,,,,,,
extendedindustrial.planterbox,X,,,,,,,,,,,,,,,,,,,,,,,,,,,,
extendedindustrial.recycler,X,,,,,,,,,,,,,,,,,,,,,,,,,,,,
extendedindustrial.samsite,,,,,,,,,,,,,,,,,,,,,,,,,,,,,
extendedindustrial.skull_fire_pit,,,,,,,,,,,,,,,,,,,,,,,,,,,,,
extendedindustrial.snowmachine,,,,,,,,,,,,,,,,,,,,,,,,,,,,,
extendedindustrial.spawn,,,,,,,,,,,,,,,,,,,,,,,,,,,,,
extendedindustrial.stash,,,,,,,,,,,,,,,,,,,,,,,,,,,,,
extendedindustrial.tunalight,,,,,,,,,,,,,,,,,,,,,,,,,,,,,
f1spawn.bypass,,,,,,,,,,,,,,,,,,,,,,,,,,,,,
f1spawn.use,,,,,,,,,,,,,,,,,,,,,X,X,X,X,,,,,
fadmin.allowdown,,,,,,,,,,,,,,,,,,,,,X,X,X,X,,,,,
fadmin.allowdrop,,,,,,,,,,,,,,,,,,,,,X,X,X,X,,,,,
fadmin.allowgod,,,,,,,,,,,,,,,,,,,,,X,X,X,X,,,,,
fadmin.allowheal,,,,,,,,,,,,,,,,,,,,,X,X,X,X,,,,,
fadmin.allowinventory,,,,,,,,,,,,,,,,,,,,,X,X,X,X,,,,,
fadmin.allownoclip,,,,,,,,,,,,,,,,,,,,,X,X,X,X,,,,,
fadmin.allowpickup,,,,,,,,,,,,,,,,,,,,,X,X,X,X,,,,,
fadmin.allowspectate,,,,,,,,,,,,,,,,,,,,X,X,X,X,X,,,,,
fadmin.ban,,,,,,,,,,,,,,,,,,,,,,,,,,,,,
fadmin.claninfo,,,,,,,,,,,,,,,,,,,,,X,X,X,X,,,,,
fadmin.kick,,,,,,,,,,,,,,,,,,,,,X,X,X,X,,,,,
fadmin.teaminfo,,,,,,,,,,,,,,,,,,,,X,X,X,X,X,,,,,
flyingcargoship.admin,,,,,,,,,,,,,,,,,,,,,,X,X,X,,,,,
gatheringclothes.admin,,,,,,,,,,,,,,,,,,,,,,X,X,X,,,,,
hardyplanters.admin,,,,,,,,,,,,,,,,,,,,,,,X,X,,,,,
hardyplanters.drop,,,,,,,,,,,,,,,,,,,,,,,X,X,,,,,
hardyplanters.use,X,,,,,,,,,,,,,,,,,,,,,,,,,,,,
helisignals.admin,,,,,,,,,,,,,,,,,,,,,,X,X,X,,,,,
helisignals.buy,X,,,,,,,,,,,,,,,,,,,,,,,,,,,,
helisignals.bypasscooldown,,,,,,,,,,,,,,,,,,,,,,X,X,X,,,,,
helisignals.easy,X,,,,,,,,,,,,,,,,,,,,,,,,,,,,
helisignals.easy_multi,X,,,,,,,,,,,,,,,,,,,,,,,,,,,,
helisignals.elite,X,,,,,,,,,,,,,,,,,,,,,,,,,,,,
helisignals.elite_multi,X,,,,,,,,,,,,,,,,,,,,,,,,,,,,
helisignals.examplevip1,,,,,,,,,,,,,,,,,,,,,,,X,X,,,,,
helisignals.examplevip2,,,,,,,,,,,,,,,,,,,,,,,X,X,,,,,
helisignals.examplevip3,,,,,,,,,,,,,,,,,,,,,,,X,X,,,,,
helisignals.hard,X,,,,,,,,,,,,,,,,,,,,,,,,,,,,
helisignals.hard_multi,X,,,,,,,,,,,,,,,,,,,,,,,,,,,,
helisignals.medium,X,,,,,,,,,,,,,,,,,,,,,,,,,,,,
helisignals.medium_multi,X,,,,,,,,,,,,,,,,,,,,,,,,,,,,
helisignals.vip1,,,,,,,,,,,,,,,,,,,,,,,X,X,,,,,
helisignals.vip2,,,,,,,,,,,,,,,,,,,,,,,X,X,,,,,
helisignals.vip3,,,,,,,,,,,,,,,,,,,,,,,X,X,,,,,
helisignals.wave_hard,X,,,,,,,,,,,,,,,,,,,,,,,,,,,,
helisignals.wave_normal,X,,,,,,,,,,,,,,,,,,,,,,,,,,,,
instantairdrop.use,,,,,,,,,,,,,,,,,,,,,,,X,X,,,,,
itemperks.admin,,,,,,,,,,,,,,,,,,,,,,X,X,X,,,,,
itemperks.craft,,,,,,,,,,,,,,,,,,,,,,,,,,,,,
itemperks.craftchance.10,,,,,,,,,,,,,,,,,,,,,,,,,,,,,
itemperks.craftchance.20,,,,,,,,,,,,,,,,,,,,,,,,,,,,,
itemperks.craftchance.30,,,,,,,,,,,,,,,,,,,,,,,,,,,,,
itemperks.craftchance.40,,,,,,,,,,,,,,,,,,,,,,,,,,,,,
itemperks.craftchance.50,,,,,,,,,,,,,,,,,,,,,,,,,,,,,
itemperks.enhance,,,,,,,,,,,,,,,,,,,,,,,,,,,,,
itemperks.loot,X,,,,,,,,,,,,,,,,,,,,,,,,,,,,
itemperks.lootchance.10,,,,,,,,,,,,,,,,,,,,,,,,,,,,,
itemperks.lootchance.20,,,,,,,,,,,,,,,,,,,,,,,,,,,,,
itemperks.lootchance.30,,,,,,,,,,,,,,,,,,,,,,,,,,,,,
itemperks.lootchance.40,,,,,,,,,,,,,,,,,,,,,,,,,,,,,
itemperks.lootchance.50,,,,,,,,,,,,,,,,,,,,,,,,,,,,,
itemperks.recycle,,,,,,,,,,,,,,,,,,,,,,,,,,,,,
itemperks.recyclechance.10,,,,,,,,,,,,,,,,,,,,,,,,,,,,,
itemperks.recyclechance.20,,,,,,,,,,,,,,,,,,,,,,,,,,,,,
itemperks.recyclechance.30,,,,,,,,,,,,,,,,,,,,,,,,,,,,,
itemperks.recyclechance.40,,,,,,,,,,,,,,,,,,,,,,,,,,,,,
itemperks.recyclechance.50,,,,,,,,,,,,,,,,,,,,,,,,,,,,,
itemperks.use,X,,,,,,,,,,,,,,,,,,,,,,,,,,,,
itemperkslegendaryitems.admin,,,,,,,,,,,,,,,,,,,,,,X,X,X,,,,,
jetpack.command,,,,,,,,,,,,,,,,,,,,,,,X,X,,,,,
jetpack.fuel,,,,,,,,,,,,,,,,,,,,,,,X,X,,,,,
jetpack.giveself,,,,,,,,,,,,,,,,,,,,,,,X,X,,,,,
jetpack.nodelay,,,,,,,,,,,,,,,,,,,,,,X,X,X,,,,,
jetpack.use,X,,,,,,,,,,,,,,,,,,,,,,,X,,,,,
kits.admin,,,,,,,,,,,,,,,,,,,,,,,X,X,,,,,
kits.bigdog,,,,,,,,,,,,,,X,X,X,X,X,,,,X,X,X,,,,,
kits.king,,,,,,,,,,,,,,,X,X,X,X,,,,X,X,X,,,,,
kits.moneybags,,,,,,,,,,,,,,,,,X,X,X,X,X,X,X,X,,,,,
kits.overlord,,,,,,,,,,,,,,,,X,X,X,,,,X,X,X,,,,,
kits.staff,,,,,,,,,,,,,,,,,,,X,X,X,X,X,X,,,,,
kits.t1resources,,,,,,,,,,,,,X,X,X,X,X,X,X,X,X,X,X,X,,,,,
kits.t2resources,,,,,,,,,,,,,,,,X,X,X,X,X,X,X,X,X,,,,,
kits.vip+,,,,,,,,,,,,X,X,X,X,X,X,X,X,X,X,X,X,X,,,,,
limitentities.admin,,,,,,,,,,,,,,,,,,,,,,X,X,X,,,,,
limitentities.default,X,,,,,,,,,,,,,,,,,,,,,,,,,,,,
limitentities.immunity,,,,,,,,,,,,,,,,,,,,,,X,X,X,,,,,
limitentities.lifetime,,,,,,,,,,,,,,,,,,X,,,,,,,,,,,
limitentities.prestige1,,X,,,,,,,,,,,,,,,,,,,,,,,,,,,
limitentities.prestige2,,,X,,,,,,,,,,,,,,,,,,,,,,,,,,
limitentities.prestige3,,,,X,,,,,,,,,,,,,,,,,,,,,,,,,
limitentities.vip,,,,,,,,,,,X,,X,X,X,X,X,,,,,,,,,,,,
lootdefender.bypass.damage,,,,,,,,,,,,,,,,,,,,,,X,X,X,,,,,
lootdefender.bypass.lockouts,,,,,,,,,,,,,,,,,,,,,,X,X,X,,,,,
lootdefender.bypass.loot,,,,,,,,,,,,,,,,,,,,,,X,X,X,,,,,
lootdefender.bypassbradleylock,,,,,,,,,,,,,,,,,,,,,,X,X,X,,,,,
lootdefender.bypasshelilock,,,,,,,,,,,,,,,,,,,,,,X,X,X,,,,,
lootdefender.bypassnpclock,,,,,,,,,,,,,,,,,,,,,,X,X,X,,,,,
lootdefender.hackedcrates.elite,,,,,,,,,,,,,,,,,,,,,,,,,,,,,
lootdefender.hackedcrates.legend,,,,,,,,,,,,,,,,,,,,,,,,,,,,,
lootdefender.hackedcrates.regular,,,,,,,,,,,,,,,,,,,,,,,,,,,,,
lootdefender.hackedcrates.vip,,,,,,,,,,,,,,,,,,,,,,,,,,,,,
loottable.edit,,,,,,,,,,,,,,,,,,,,,,X,X,X,,,,,
loottable.test,,,,,,,,,,,,,,,,,,,,,,X,X,X,,,,,
meteorevent.admin,,,,,,,,,,,,,,,,,,,,,,X,X,X,,,,,
monumentfinder.find,,,,,,,,,,,,,,,,,,,,,,,,X,,,,,
nightvision.allowed,,,,,,,,,,,,,,,,,,,,,X,X,X,X,,,,,
nightvision.auto,,,,,,,,,,,,,,,,,,,,,,,,,,,,,
nightvision.unlimitednvg,,,,,,,,,,,,,,,,,,,,,,,,,,,,,
nteleportation.admin,,,,,,,,,,,,,,,,,,,,,,X,X,X,,,,,
nteleportation.bigdog,,,,,,,,,,,,,,X,,,,,,,,,,,,,,,
nteleportation.blocktpmarker,,,,,,,,,,,,,,,,,,,,,,,,,,,,,
nteleportation.bypassfoundationcheck,,,,,,,,,,,,,,,,,,,,,,,,,,,,,
nteleportation.cavebandit,,,,,,,,,,,,,,,,,,,,,,,,,,,,,
nteleportation.cavebrad,,,,,,,,,,,,,,,,,,,,,,,,,,,,,
nteleportation.cavebradisland,,,,,,,,,,,,,,,,,,,,,,,,,,,,,
nteleportation.cavehome,X,,,,,,,,,,,,,,,,,,,,,,,,,,,,
nteleportation.caveoutpost,X,,,,,,,,,,,,,,,,,,,,,,,,,,,,
nteleportation.caveraid1,,,,,,,,,,,,,,,,,,,,,,,,,,,,,
nteleportation.caveraid2,,,,,,,,,,,,,,,,,,,,,,,,,,,,,
nteleportation.caveraid3,,,,,,,,,,,,,,,,,,,,,,,,,,,,,
nteleportation.caveraid4,,,,,,,,,,,,,,,,,,,,,,,,,,,,,
nteleportation.caveraid5,,,,,,,,,,,,,,,,,,,,,,,,,,,,,
nteleportation.caveraid6,,,,,,,,,,,,,,,,,,,,,,,,,,,,,
nteleportation.caveraid7,,,,,,,,,,,,,,,,,,,,,,,,,,,,,
nteleportation.caveraid8,,,,,,,,,,,,,,,,,,,,,,,,,,,,,
nteleportation.caveraid9,,,,,,,,,,,,,,,,,,,,,,,,,,,,,
nteleportation.caveraid10,,,,,,,,,,,,,,,,,,,,,,,,,,,,,
nteleportation.caveraid11,,,,,,,,,,,,,,,,,,,,,,,,,,,,,
nteleportation.caveraid12,,,,,,,,,,,,,,,,,,,,,,,,,,,,,
nteleportation.caveraid13,,,,,,,,,,,,,,,,,,,,,,,,,,,,,
nteleportation.caveraid14,,,,,,,,,,,,,,,,,,,,,,,,,,,,,
nteleportation.caveraid15,,,,,,,,,,,,,,,,,,,,,,,,,,,,,
nteleportation.caveraid16,,,,,,,,,,,,,,,,,,,,,,,,,,,,,
nteleportation.caveraid17,,,,,,,,,,,,,,,,,,,,,,,,,,,,,
nteleportation.caveraid18,,,,,,,,,,,,,,,,,,,,,,,,,,,,,
nteleportation.caveraid19,,,,,,,,,,,,,,,,,,,,,,,,,,,,,
nteleportation.caveraid20,,,,,,,,,,,,,,,,,,,,,,,,,,,,,
nteleportation.caveraid21,,,,,,,,,,,,,,,,,,,,,,,,,,,,,
nteleportation.caveraid22,,,,,,,,,,,,,,,,,,,,,,,,,,,,,
nteleportation.caveraid23,,,,,,,,,,,,,,,,,,,,,,,,,,,,,
nteleportation.caveraid24,,,,,,,,,,,,,,,,,,,,,,,,,,,,,
nteleportation.cavetower1,,,,,,,,,,,,,,,,,,,,,,,,,,,,,
nteleportation.cavetower2,,,,,,,,,,,,,,,,,,,,,,,,,,,,,
nteleportation.cavetower3,,,,,,,,,,,,,,,,,,,,,,,,,,,,,
nteleportation.cavetown,X,,,,,,,,,,,,,,,,,,,,,,,,,,,,
nteleportation.cavetpr,X,,,,,,,,,,,,,,,,,,,,,,,,,,,,
nteleportation.craftbandit,X,,,,,,,,,,,,,,,,,,,,,,,,,,,,
nteleportation.craftbrad,X,,,,,,,,,,,,,,,,,,,,,,,,,,,,
nteleportation.craftbradisland,X,,,,,,,,,,,,,,,,,,,,,,,,,,,,
nteleportation.crafthome,X,,,,,,,,,,,,,,,,,,,,,,,,,,,,
nteleportation.craftoutpost,X,,,,,,,,,,,,,,,,,,,,,,,,,,,,
nteleportation.craftraid1,X,,,,,,,,,,,,,,,,,,,,,,,,,,,,
nteleportation.craftraid2,X,,,,,,,,,,,,,,,,,,,,,,,,,,,,
nteleportation.craftraid3,X,,,,,,,,,,,,,,,,,,,,,,,,,,,,
nteleportation.craftraid4,X,,,,,,,,,,,,,,,,,,,,,,,,,,,,
nteleportation.craftraid5,X,,,,,,,,,,,,,,,,,,,,,,,,,,,,
nteleportation.craftraid6,X,,,,,,,,,,,,,,,,,,,,,,,,,,,,
nteleportation.craftraid7,X,,,,,,,,,,,,,,,,,,,,,,,,,,,,
nteleportation.craftraid8,X,,,,,,,,,,,,,,,,,,,,,,,,,,,,
nteleportation.craftraid9,X,,,,,,,,,,,,,,,,,,,,,,,,,,,,
nteleportation.craftraid10,X,,,,,,,,,,,,,,,,,,,,,,,,,,,,
nteleportation.craftraid11,X,,,,,,,,,,,,,,,,,,,,,,,,,,,,
nteleportation.craftraid12,X,,,,,,,,,,,,,,,,,,,,,,,,,,,,
nteleportation.craftraid13,X,,,,,,,,,,,,,,,,,,,,,,,,,,,,
nteleportation.craftraid14,X,,,,,,,,,,,,,,,,,,,,,,,,,,,,
nteleportation.craftraid15,X,,,,,,,,,,,,,,,,,,,,,,,,,,,,
nteleportation.craftraid16,X,,,,,,,,,,,,,,,,,,,,,,,,,,,,
nteleportation.craftraid17,X,,,,,,,,,,,,,,,,,,,,,,,,,,,,
nteleportation.craftraid18,X,,,,,,,,,,,,,,,,,,,,,,,,,,,,
nteleportation.craftraid19,X,,,,,,,,,,,,,,,,,,,,,,,,,,,,
nteleportation.craftraid20,X,,,,,,,,,,,,,,,,,,,,,,,,,,,,
nteleportation.craftraid21,X,,,,,,,,,,,,,,,,,,,,,,,,,,,,
nteleportation.craftraid22,X,,,,,,,,,,,,,,,,,,,,,,,,,,,,
nteleportation.craftraid23,X,,,,,,,,,,,,,,,,,,,,,,,,,,,,
nteleportation.craftraid24,X,,,,,,,,,,,,,,,,,,,,,,,,,,,,
nteleportation.crafttower1,X,,,,,,,,,,,,,,,,,,,,,,,,,,,,
nteleportation.crafttower2,X,,,,,,,,,,,,,,,,,,,,,,,,,,,,
nteleportation.crafttower3,X,,,,,,,,,,,,,,,,,,,,,,,,,,,,
nteleportation.crafttowership,X,,,,,,,,,,,,,,,,,,,,,,,,,,,,
nteleportation.crafttown,X,,,,,,,,,,,,,,,,,,,,,,,,,,,,
nteleportation.crafttpr,X,,,,,,,,,,,,,,,,,,,,,,,,,,,,
nteleportation.deletehome,,,,,,,,,,,,,,,,,,,,,,,X,X,,,,,
nteleportation.disallowtptome,,,,,,,,,,,,,,,,,,,X,X,,,,,,,,,
nteleportation.exemptfrominterruptcountdown,,,,,,,,,,,,,,,,,,,,,,,X,X,,,,,
nteleportation.globalcooldownvip,,,,,,,,,,,,,,,,,,,,,,,X,X,,,,,
nteleportation.home,X,,,,,,,,,,,,,,,,,,,,,,,,,,,,
nteleportation.homehomes,X,,,,,,,,,,,,,,,,,,,,,,,,,,,,
nteleportation.ignoreglobalcooldown,,,,,,,,,,,,,,,,,,,,,,,X,X,,,,,
nteleportation.importhomes,,,,,,,,,,,,,,,,,,,,,,,,,,,,,
nteleportation.king,,,,,,,,,,,,,,,X,,,,,,,,,,,,,,
nteleportation.locationradiusbypass,,,,,,,,,,,,,,,,,,,,X,X,X,X,X,,,,,
nteleportation.moneybags,,,,,,,,,,,,,,,,,X,X,X,X,X,X,X,X,,,,,
nteleportation.norestrictions,,,,,,,,,,,,,,,,,,,,,,X,X,X,,,,,
nteleportation.overlord,,,,,,,,,,,,,,,,X,,,,,,,,,,,,,
nteleportation.radiushome,,,,,,,,,,,,,,,,,,,,,,,,,,,,,
nteleportation.skipwipewaittime,,,,,,,,,,,,,,,,,,,,,,,,,,,,,
nteleportation.tp,,,,,,,,,,,,,,,,,,,X,X,X,X,X,X,,,,,
nteleportation.tpa,,,,,,,,,,,,,,,,,,,,,,X,X,X,,,,,
nteleportation.tpb,X,,,,,,,,,,,,,,,,,,,,,,,,,,,,
nteleportation.tpbandit,X,,,,,,,,,,,,,,,,,,,,,,,,,,,,
nteleportation.tpbrad,X,,,,,,,,,,,,,,,,,,,,,,,,,,,,
nteleportation.tpbrad1,X,,,,,,,,,,,,,,,,,,,,,,,,,,,,
nteleportation.tpbrad2,X,,,,,,,,,,,,,,,,,,,,,,,,,,,,
nteleportation.tpbrad3,X,,,,,,,,,,,,,,,,,,,,,,,,,,,,
nteleportation.tpbrad4,X,,,,,,,,,,,,,,,,,,,,,,,,,,,,
nteleportation.tpbrad5,X,,,,,,,,,,,,,,,,,,,,,,,,,,,,
nteleportation.tpbrad6,X,,,,,,,,,,,,,,,,,,,,,,,,,,,,
nteleportation.tpbradisland,X,,,,,,,,,,,,,,,,,,,,,,,,,,,,
nteleportation.tpconsole,,,,,,,,,,,,,,,,,,,,X,X,X,X,X,,,,,
nteleportation.tpl,,,,,,,,,,,,,,,,,,,,,,X,X,X,,,,,
nteleportation.tpmarker,,,,,,,,,,,,,,,,,,,,X,X,X,X,X,,,,,
nteleportation.tpn,,,,,,,,,,,,,,,,,,,,,,X,X,X,,,,,
nteleportation.tpoutpost,X,,,,,,,,,,,,,,,,,,,,,,,,,,,,
nteleportation.tpr,X,,,,,,,,,,,,,,,,,,,,,,,,,,,,
nteleportation.tpraid1,X,,,,,,,,,,,,,,,,,,,,,,,,,,,,
nteleportation.tpraid2,X,,,,,,,,,,,,,,,,,,,,,,,,,,,,
nteleportation.tpraid3,X,,,,,,,,,,,,,,,,,,,,,,,,,,,,
nteleportation.tpraid4,X,,,,,,,,,,,,,,,,,,,,,,,,,,,,
nteleportation.tpraid5,X,,,,,,,,,,,,,,,,,,,,,,,,,,,,
nteleportation.tpraid6,X,,,,,,,,,,,,,,,,,,,,,,,,,,,,
nteleportation.tpraid7,X,,,,,,,,,,,,,,,,,,,,,,,,,,,,
nteleportation.tpraid8,X,,,,,,,,,,,,,,,,,,,,,,,,,,,,
nteleportation.tpraid9,X,,,,,,,,,,,,,,,,,,,,,,,,,,,,
nteleportation.tpraid10,X,,,,,,,,,,,,,,,,,,,,,,,,,,,,
nteleportation.tpraid11,X,,,,,,,,,,,,,,,,,,,,,,,,,,,,
nteleportation.tpraid12,X,,,,,,,,,,,,,,,,,,,,,,,,,,,,
nteleportation.tpraid13,X,,,,,,,,,,,,,,,,,,,,,,,,,,,,
nteleportation.tpraid14,X,,,,,,,,,,,,,,,,,,,,,,,,,,,,
nteleportation.tpraid15,X,,,,,,,,,,,,,,,,,,,,,,,,,,,,
nteleportation.tpraid16,X,,,,,,,,,,,,,,,,,,,,,,,,,,,,
nteleportation.tpraid17,X,,,,,,,,,,,,,,,,,,,,,,,,,,,,
nteleportation.tpraid18,X,,,,,,,,,,,,,,,,,,,,,,,,,,,,
nteleportation.tpraid19,X,,,,,,,,,,,,,,,,,,,,,,,,,,,,
nteleportation.tpraid20,X,,,,,,,,,,,,,,,,,,,,,,,,,,,,
nteleportation.tpraid21,X,,,,,,,,,,,,,,,,,,,,,,,,,,,,
nteleportation.tpraid22,X,,,,,,,,,,,,,,,,,,,,,,,,,,,,
nteleportation.tpraid23,X,,,,,,,,,,,,,,,,,,,,,,,,,,,,
nteleportation.tpraid24,X,,,,,,,,,,,,,,,,,,,,,,,,,,,,
nteleportation.tpremove,X,,,,,,,,,,,,,,,,,,,,,,,,,,,,
nteleportation.tpsave,,,,,,,,,,,,,,,,,,,,,,X,X,X,,,,,
nteleportation.tpt,X,,,,,,,,,,,,,,,,,,,,,,,,,,,,
nteleportation.tptowership,X,,,,,,,,,,,,,,,,,,,,,,,,,,,,
nteleportation.tptower1,X,,,,,,,,,,,,,,,,,,,,,,,,,,,,
nteleportation.tptower2,X,,,,,,,,,,,,,,,,,,,,,,,,,,,,
nteleportation.tptower3,X,,,,,,,,,,,,,,,,,,,,,,,,,,,,
nteleportation.tptown,X,,,,,,,,,,,,,,,,,,,,,,,,,,,,
nteleportation.tugboatsinterruptbypass,X,,,,,,,,,,,,,,,,,,,,,,,,,,,,
nteleportation.tugboatssethomebypass,X,,,,,,,,,,,,,,,,,,,,,,,,,,,,
nteleportation.vip,,,,,,,,,,,,X,X,X,X,X,X,X,,,,,,,,,,,
nteleportation.wipehomes,,,,,,,,,,,,,,,,,,,,,,X,X,X,,,,,
planterboxdefender.admin,,,,,,,,,,,,,,,,,,,,,,X,X,X,,,,,
prestige.level10,,,,,,,,,,,X,,,,,,,,,,,,,,,,,,
preventlooting.admin,,,,,,,,,,,,,,,,,,,,,,X,X,X,,,,,
preventlooting.backpack,,,,,,,,,,,,,,,,,,,,,,X,X,X,,,,,
preventlooting.corpse,,,,,,,,,,,,,,,,,,,,,,X,X,X,,,,,
preventlooting.player,,,,,,,,,,,,,,,,,,,,,,X,X,X,,,,,
preventlooting.storage,,,,,,,,,,,,,,,,,,,,,,X,X,X,,,,,
preventlooting.use,,,,,,,,,,,,,,,,,,,,,,X,X,X,,,,,
raidablebases.allow,,,,,,,,,,,,,,,,,,,,,,X,X,X,,,,,
raidablebases.allow.commands,,,,,,,,,,,,,,,,,,,,,,X,X,X,,,,,
raidablebases.banned,,,,,,,,,,,,,,,,,,,,,,,,,,,,,
raidablebases.block.fauxadmin,,,,,,,,,,,,,,,,,,,,,,,,,,,,,
raidablebases.block.filenames,,,,,,,,,,,,,,,,,,,,,,,,,,,,,
raidablebases.blockbypass,,,,,,,,,,,,,,,,,,,,,,,,,,,,,
raidablebases.buyable.bypass.cooldown,,,,,,,,,,,,,,,,,,,,,,X,X,X,,,,,
raidablebases.buyable.spawn.filenames,,,,,,,,,,,,,,,,,,,,,,X,X,X,,,,,
raidablebases.buyable.vip.pve,,,,,,,,,,,,,,,,,,,,,,,,,,,,,
raidablebases.buyable.vip.pvp,,,,,,,,,,,,,,,,,,,,,,,,,,,,,
raidablebases.buyraid,X,,,,,,,,,,,,,,,,,,,,,,,,,,,,
raidablebases.buyraid.banned,,,,,,,,,,,,,,,,,,,,,,,,,,,,,
raidablebases.buyraid.easywipetime,,,,,,,,,,,,,,,,,,,,,,,,,,,,,
raidablebases.buyraid.expertwipetime,,,,,,,,,,,,,,,,,,,,,,,,,,,,,
raidablebases.buyraid.free,,,,,,,,,,,,,,,,,,,,,,X,X,X,,,,,
raidablebases.buyraid.hardwipetime,,,,,,,,,,,,,,,,,,,,,,,,,,,,,
raidablebases.buyraid.mediumwipetime,,,,,,,,,,,,,,,,,,,,,,,,,,,,,
raidablebases.buyraid.nightmarewipetime,,,,,,,,,,,,,,,,,,,,,,,,,,,,,
raidablebases.buyraid.prefabteleport,,,,,,,,,,,,,,,,,,,,,,X,X,X,,,,,
raidablebases.buyraid.pveonly,,,,,,,,,,,,,,,,,,,,,,,,,,,,,
raidablebases.buyraid.pvponly,,,,,,,,,,,,,,,,,,,,,,,,,,,,,
raidablebases.bypassmaxmanualeventlimit,,,,,,,,,,,,,,,,,,,,,,,X,X,,,,,
raidablebases.canbypass,,,,,,,,,,,,,,,,,,,,,,X,X,X,,,,,
raidablebases.clearowner,,,,,,,,,,,,,,,,,,,,,,X,X,X,,,,,
raidablebases.config,,,,,,,,,,,,,,,,,,,,,,X,X,X,,,,,
raidablebases.ddraw,,,,,,,,,,,,,,,,,,,,,,,,,,,,,
raidablebases.despawn.buyraid,,,,,,,,,,,,,,,,,,,,,,X,X,X,,,,,
raidablebases.durabilitybypass,,,,,,,,,,,,,,,,,,,,,,,,,,,,,
raidablebases.elevators.bypass.building,,,,,,,,,,,,,,,,,,,,,,,,,,,,,
raidablebases.elevators.bypass.card,,,,,,,,,,,,,,,,,,,,,,,,,,,,,
raidablebases.hoggingbypass,,,,,,,,,,,,,,,,,,,,,,,,,,,,,
raidablebases.keepbackpackplugin,,,,,,,,,,,,,,,,,,,,,,,,,,,,,
raidablebases.keepbackpackrust,,,,,,,,,,,,,,,,,,,,,,,,,,,,,
raidablebases.ladder.easy,,,,,,,,,,,,,,,,,,,,,,,,,,,,,
raidablebases.ladder.exclude,,,,,,,,,,,,,,,,,,,,,,,,,,,,,
raidablebases.ladder.expert,,,,,,,,,,,,,,,,,,,,,,,,,,,,,
raidablebases.ladder.hard,,,,,,,,,,,,,,,,,,,,,,,,,,,,,
raidablebases.ladder.medium,,,,,,,,,,,,,,,,,,,,,,,,,,,,,
raidablebases.ladder.nightmare,,,,,,,,,,,,,,,,,,,,,,,,,,,,,
raidablebases.lockoutbypass,,,,,,,,,,,,,,,,,,,,,,,,,,,,,
raidablebases.mapteleport,,,,,,,,,,,,,,,,,,,,,,X,X,X,,,,,
raidablebases.notitle,,,,,,,,,,,,,,,,,,,,,,,,,,,,,
raidablebases.setowner,,,,,,,,,,,,,,,,,,,,,,X,X,X,,,,,
raidablebases.th,,,,,,,,,,,,,,,,,,,,,,,,,,,,,
raidablebases.time,,,,,,,,,,,,,,,,,,,,,,,,,,,,,
raidablebases.timebypass,,,,,,,,,,,,,,,,,,,,,,,,,,,,,
raidablebases.vipcooldown,,,,,,,,,,,,,,,,,,,,,,,,,,,,,
recovercorpse.use,,,,,,,,,,,,,,,,,,,,X,X,X,X,X,,,,,
redeemstorageapi.admin,,,,,,,,,,,,,,,,,,,,,,,X,X,,,,,
removertool.admin,,,,,,,,,,,,,,,,,,,,X,X,X,X,X,,,,,
removertool.all,,,,,,,,,,,,,,,,,,,,,,,,,,,,,
removertool.external,,,,,,,,,,,,,,,,,,,,,,,,,,,,,
removertool.normal,X,,,,,,,,,,,,,,,,,,,,,,,,,,,,
removertool.override,,,,,,,,,,,,,,,,,,,,,,,,,,,,,
removertool.structure,,,,,,,,,,,,,,,,,,,,,,,,,,,,,
removertool.target,,,,,,,,,,,,,,,,,,,,,,,,,,,,,
rmserverrestartui.command,,,,,,,,,,,,,,,,,,,,,,,,X,,,,,
shoppystock.admin,,,,,,,,,,,,,,,,,,,,,,X,X,X,,,,,
shoppystock.bank.rp,,,,,,,,,,,,,,,,,,,,,,,,,,,,,
shoppystock.discount.premium,,,,,,,,,,,,,,,,,,,,,,,,,,,,,
shoppystock.discount.vip,,,,,,,,,,,,,,,,,,,,,,,,,,,,,
shoppystock.hidetransfer,,,,,,,,,,,,,,,,,,,,,,,,,,,,,
shoppystock.limit.admin,,,,,,,,,,,,,,,,,,,,,,X,X,X,,,,,
shoppystock.limit.premium,,,,,,,,,,,,,,,,,,,,,,,,,,,,,
shoppystock.limit.user,X,,,,,,,,,,,,,,,,,,,,,,,,,,,,
shoppystock.sell.super,,,,,,,,,,,,,,,,,,,,,,,,,,,,,
shoppystock.sell.vip,,,,,,,,,,,,,,,,,,,,,,,,,,,,,
shoppystock.stock.maxitems.15,,,,,,,,,,,,,,,,,,,,,,,,,,,,,
shoppystock.stock.maxitems.250,,,,,,,,,,,,,,,,,,,,,,,,,,,,,
shoppystock.stock.maxitems.30,,,,,,,,,,,,,,,,,,,,,,,,,,,,,
shoppystock.stock.maxitems.50,,,,,,,,,,,,,,,,,,,,,,,,,,,,,
shoppystock.timestamp.14d,,,,,,,,,,,,,,,,,,,,,,,,,,,,,
shoppystock.timestamp.28d,,,,,,,,,,,,,,,,,,,,,,,,,,,,,
shoppystock.timestamp.72h,,,,,,,,,,,,,,,,,,,,,,,,,,,,,
shoppystock.timestamp.7d,,,,,,,,,,,,,,,,,,,,,,,,,,,,,
signartist.file,,,,,,,,,,,,,X,X,X,X,X,X,X,X,X,X,X,X,,,,,
signartist.ignorecd,,,,,,,,,,,,,,,,,,,,,,X,X,X,,,,,
signartist.ignoreowner,,,,,,,,,,,,,,,,,,,,,X,X,X,X,,,,,
signartist.raw,,,,,,,,,,,,,,,,,,,,,,,,,,,,,
signartist.restore,,,,,,,,,,,,,,,,,,,,,,,,,,,,,
signartist.restoreall,,,,,,,,,,,,,,,,,,,,,,,,,,,,,
signartist.text,,,,,,,,,,,,,X,X,X,X,X,X,,,,,,,,,,,
signartist.url,,,,,,,,,,,,,X,X,X,X,X,X,,,,,,,,,,,
skilltree.admin,,,,,,,,,,,,,,,,,,,,,,X,X,X,,,,,
skilltree.all,X,,,,,,,,,,,,,,,,,,,,,,,,,,,,
skilltree.bag.keepondeath,,,,,,,,,,,,,,,,,,,,,,,,,,,,,
skilltree.build_craft,,,,,,,,,,,,,,,,,,,,,,,,,,,,,
skilltree.chat,X,,,,,,,,,,,,,,,,,,,,,,,,,,,,
skilltree.combat,,,,,,,,,,,,,,,,,,,,,,,,,,,,,
skilltree.cooking,,,,,,,,,,,,,,,,,,,,,,,,,,,,,
skilltree.harvesting,,,,,,,,,,,,,,,,,,,,,,,,,,,,,
skilltree.medical,,,,,,,,,,,,,,,,,,,,,,,,,,,,,
skilltree.mining,,,,,,,,,,,,,,,,,,,,,,,,,,,,,
skilltree.nolimit,,,,,,,,,,,,,,,,,,,,,,,,,,,,,
skilltree.noscoreboard,,,,,,,,,,,,,,,,,,,,,,,,,,,,,
skilltree.notitles,,,,,,,,,,,,,,,,,,,,,,,,,,,,,
skilltree.noxploss,,,,,,,,,,,,,,,,,,,,,,,,,,,,,
skilltree.points.vip,,,,,,,,,,,,,,,,,,,,,,,,,,,,,
skilltree.raiding,,,,,,,,,,,,,,,,,,,,,,,,,,,,,
skilltree.respec.bypass,,,,,,,,,,,,,,,,,,,,,,X,X,X,,,,,
skilltree.restedxp.10,,,,,,,,,,,,,,,,,,,,,,,,,,,,,
skilltree.roguelike,,,,,,,,,,,,,,,,,,,,,,,,,,,,,
skilltree.scavenging,,,,,,,,,,,,,,,,,,,,,,,,,,,,,
skilltree.skinning,,,,,,,,,,,,,,,,,,,,,,,,,,,,,
skilltree.teabonus,,,,,,,,,,,,,,,,,,,,,,,,,,,,,
skilltree.team,,,,,,,,,,,,,,,,,,,,,,,,,,,,,
skilltree.togglebc,,,,,,,,,,,,,,,,,,,,,,,,,,,,,
skilltree.tree,X,,,,,,,,,,,,,,,,,,,,,,,,,,,,
skilltree.underwater,,,,,,,,,,,,,,,,,,,,,,,,,,,,,
skilltree.vehicles,,,,,,,,,,,,,,,,,,,,,,,,,,,,,
skilltree.vip,,,,,,,,,,,,,,,,,,,,,,,,,,,,,
skilltree.vip.starting.points,,,,,,,,,,,,,,,,,,,,,,,,,,,,,
skilltree.woodcutting,,,,,,,,,,,,,,,,,,,,,,,,,,,,,
skilltree.xp,X,,,,,,,,,,,,,,,,,,,,,,,,,,,,
skilltreexpevent.admin,,,,,,,,,,,,,,,,,,,,,,X,X,X,,,,,
skilltreexpevent.use,X,,,,,,,,,,,,,,,,,,,,,,,,,,,,
skincontroller.addskins,,,,,,,,,,,,,,,,,,,,,,X,X,X,,,,,
skincontroller.admin,,,,,,,,,,,,,,,,,,,,,,X,X,X,,,,,
skincontroller.default,,,,,,,,,,,,,,,,,,,,,,X,X,X,,,,,
skincontroller.skinbase,X,,,,,,,,,,,,,,,,,,,,,,,,,,,,
skincontroller.skincontainer,,,,,,,,,,,,,,,,,,,,,,,,,,,,,
skincontroller.skinitem,X,,,,,,,,,,,,,,,,,,,,,,,,,,,,
skincontroller.skinoncraft,X,,,,,,,,,,,,,,,,,,,,,,,,,,,,
skincontroller.skinonkitredeemed,,,,,,,,,,,,,,,,,,,,,,,,,,,,,
skincontroller.skinonpickup,,,,,,,,,,,,,,,,,,,,,,,,,,,,,
skincontroller.use,X,,,,,,,,,,,,,X,X,X,X,X,,,,,,,,,,,
skincontroller.vip,,,,,,,,,,,,,,,,,,,,,,,,,,,,,
skincontroller.vip+,,,,,,,,,,,,,,,,,,,,,,,,,,,,,
sortbutton.use,X,,,,,,,,,,,,X,X,X,X,X,X,,X,X,X,X,X,,,,,
tcupgrades.authlist,,,,,,,,,,,,,,,,,,,,,,,,,,,,,
tcupgrades.bigdog,,,,,,,,,,,,,,X,,,,,,,,,,,,,,,
tcupgrades.default,X,,,,,,,,,,,,,,,,,,,,,,,,,,,,
tcupgrades.deploy,X,,,,,,,,,,,,,,,,,,,,,,,,,,,,
tcupgrades.hqm,X,,,,,,,,,,,,,,,,,,,,,,,,,,,,
tcupgrades.king,,,,,,,,,,,,,,,X,,,,,,,,,,,,,,
tcupgrades.metal,X,,,,,,,,,,,,,,,,,,,,,,,,,,,,
tcupgrades.moneybags,,,,,,,,,,,,,,,,,X,X,X,X,X,X,X,X,,,,,
tcupgrades.mvp,,,,,,,,,,,,,,,,,,X,,,,X,X,X,,,,,
tcupgrades.overlord,,,,,,,,,,,,,,,,X,,,,,,,,,,,,,
tcupgrades.repair,X,,,,,,,,,,,,,,,,,,,,,,,,,,,,
tcupgrades.repair.nocost,,,,,,,,,,,,,,,,,,,,,,,,,,,,,
tcupgrades.reskin.nocost,X,,,,,,,,,,,,,,,,,,,,,,,,,,,,
tcupgrades.skin,X,,,,,,,,,,,,,,,,,,,,,,,,,,,,
tcupgrades.stone,X,,,,,,,,,,,,,,,,,,,,,,,,,,,,
tcupgrades.upgrade,X,,,,,,,,,,,,,,,,,,,,,,,,,,,,
tcupgrades.upgrade.nocost,,,,,,,,,,,,,,,,,,,,,,,,,,,,,
tcupgrades.vip,,,,,,,,,,,,,X,,,,,,,,,,,,,,,,
tcupgrades.wallpaper,X,,,,,,,,,,,,,,,,,,,,,,,,,,,,
tcupgrades.wallpaper.nocost,,,,,,,,,,,,,,,,,,,,,,,,,,,,,
tcupgrades.wood,X,,,,,,,,,,,,,,,,,,,,,,,,,,,,
telekinesis.admin,,,,,,,,,,,,,,,,,,,,,,X,X,X,,,,,
telekinesis.ruleset.restricted,,,,,,,,,,,,,,,,,,,,,,,,,,,,,
truepve.canmap,,,,,,,,,,,,,,,,,,,,,,,,,,,,,
ubertool.canuse,,,,,,,,,,,,,,,,,,,,,X,X,X,X,,,,,
vanish.allow,,,,,,,,,,,,,,,,,,,,,X,X,X,X,,,,,
vanish.permanent,,,,,,,,,,,,,,,,,,,,,,,,,,,,,
vanish.unlock,,,,,,,,,,,,,,,,,,,,,,,X,X,,,,,
vehiclelicence.admin,,,,,,,,,,,,,,,,,,,,,,X,X,X,,,,,
vehiclelicence.all,,,,,,,,,,,,,,,,,,,,,,,,,,,,,
vehiclelicence.armoredhotairballoon,X,,,,,,,,,,,,,,,,,,,,,,,,,,,,
vehiclelicence.armoredhotairballoonfree,,,,,,,,,,,,,,,,,,,,,,,,,,,,,
vehiclelicence.attackhelicopter,X,,,,,,,,,,,,,,,,,,,,,,,,,,,,
vehiclelicence.attackhelicopterfree,,,,,,,,,,,,,,,,,,,,,,,,,,,,,
vehiclelicence.bypasscost,,,,,,,,,,,,,,,,,,,,,,,,,,,,,
vehiclelicence.chinook,,,,,,,,,,,,,,,,,,,,,,,,,,,,,
vehiclelicence.chinookfree,,,,,,,,,,,,,,,,,,,,,,,,,,,,,
vehiclelicence.completetrain,,,,,,,,,,,,,,,,,,,,,,,,,,,,,
vehiclelicence.completetrainfree,,,,,,,,,,,,,,,,,,,,,,,,,,,,,
vehiclelicence.coveredworkcart,X,,,,,,,,,,,,,,,,,,,,,,,,,,,,
vehiclelicence.coveredworkcartfree,,,,,,,,,,,,,,,,,,,,,,,,,,,,,
vehiclelicence.hotairballoon,X,,,,,,,,,,,,,,,,,,,,,,,,,,,,
vehiclelicence.hotairballoonfree,,,,,,,,,,,,,,,,,,,,,,,,,,,,,
vehiclelicence.kayak,X,,,,,,,,,,,,,,,,,,,,,,,,,,,,
vehiclelicence.kayakfree,,,,,,,,,,,,,,,,,,,,,,,,,,,,,
vehiclelicence.largemodularcar,X,,,,,,,,,,,,,,,,,,,,,,,,,,,,
vehiclelicence.largemodularcarfree,,,,,,,,,,,,,,,,,,,,,,,,,,,,,
vehiclelicence.locomotive,X,,,,,,,,,,,,,,,,,,,,,,,,,,,,
vehiclelicence.locomotivefree,,,,,,,,,,,,,,,,,,,,,,,,,,,,,
vehiclelicence.magnetcrane,,,,,,,,,,,,,,,,,,,,,,,,,,,,,
vehiclelicence.magnetcranefree,,,,,,,,,,,,,,,,,,,,,,,,,,,,,
vehiclelicence.mediumodularcar,X,,,,,,,,,,,,,,,,,,,,,,,,,,,,
vehiclelicence.mediumodularcarfree,,,,,,,,,,,,,,,,,,,,,,,,,,,,,
vehiclelicence.minicopter,X,,,,,,,,,,,,,,,,,,,,,,,,,,,,
vehiclelicence.minicopterfree,,,,,,,,,,,,,,,,,,,,,,,,,,,,,
vehiclelicence.motorbike,X,,,,,,,,,,,,,,,,,,,,,,,,,,,,
vehiclelicence.motorbikefree,,,,,,,,,,,,,,,,,,,,,,,,,,,,,
vehiclelicence.motorbikesidecar,X,,,,,,,,,,,,,,,,,,,,,,,,,,,,
vehiclelicence.motorbikesidecarfree,,,,,,,,,,,,,,,,,,,,,,,,,,,,,
vehiclelicence.nocollisiondamage,,,,,,,,,,,,,,,,,,,,,,,,,,,,,
vehiclelicence.nodamage,,,,,,,,,,,,,,,,,,,,,,,,,,,,,
vehiclelicence.pedalbike,X,,,,,,,,,,,,,,,,,,,,,,,,,,,,
vehiclelicence.pedalbikefree,,,,,,,,,,,,,,,,,,,,,,,,,,,,,
vehiclelicence.pedaltrike,X,,,,,,,,,,,,,,,,,,,,,,,,,,,,
vehiclelicence.pedaltrikefree,,,,,,,,,,,,,,,,,,,,,,,,,,,,,
vehiclelicence.rhib,X,,,,,,,,,,,,,,,,,,,,,,,,,,,,
vehiclelicence.rhibfree,,,,,,,,,,,,,,,,,,,,,,,,,,,,,
vehiclelicence.ridablehorse,X,,,,,,,,,,,,,,,,,,,,,,,,,,,,
vehiclelicence.ridablehorsefree,,,,,,,,,,,,,,,,,,,,,,,,,,,,,
vehiclelicence.rowboat,X,,,,,,,,,,,,,,,,,,,,,,,,,,,,
vehiclelicence.rowboatfree,,,,,,,,,,,,,,,,,,,,,,,,,,,,,
vehiclelicence.sedan,X,,,,,,,,,,,,,,,,,,,,,,,,,,,,
vehiclelicence.sedanfree,,,,,,,,,,,,,,,,,,,,,,,,,,,,,
vehiclelicence.sedanrail,X,,,,,,,,,,,,,,,,,,,,,,,,,,,,
vehiclelicence.sedanrailfree,,,,,,,,,,,,,,,,,,,,,,,,,,,,,
vehiclelicence.smallmodularcar,X,,,,,,,,,,,,,,,,,,,,,,,,,,,,
vehiclelicence.smallmodularcarfree,,,,,,,,,,,,,,,,,,,,,,,,,,,,,
vehiclelicence.snowmobile,X,,,,,,,,,,,,,,,,,,,,,,,,,,,,
vehiclelicence.snowmobilefree,,,,,,,,,,,,,,,,,,,,,,,,,,,,,
vehiclelicence.submarineduo,X,,,,,,,,,,,,,,,,,,,,,,,,,,,,
vehiclelicence.submarineduofree,,,,,,,,,,,,,,,,,,,,,,,,,,,,,
vehiclelicence.submarinesolo,X,,,,,,,,,,,,,,,,,,,,,,,,,,,,
vehiclelicence.submarinesolofree,,,,,,,,,,,,,,,,,,,,,,,,,,,,,
vehiclelicence.tomahasnowmobile,X,,,,,,,,,,,,,,,,,,,,,,,,,,,,
vehiclelicence.tomahasnowmobilefree,,,,,,,,,,,,,,,,,,,,,,,,,,,,,
vehiclelicence.transportcopter,X,,,,,,,,,,,,,,,,,,,,,,,,,,,,
vehiclelicence.transportcopterfree,,,,,,,,,,,,,,,,,,,,,,,,,,,,,
vehiclelicence.tug,X,,,,,,,,,,,,,,,,,,,,,,,,,,,,
vehiclelicence.tugfree,,,,,,,,,,,,,,,,,,,,,,,,,,,,,
vehiclelicence.use,X,,,,,,,,,,,,,,,,,,,,,,,,,,,,
vehiclelicence.vip,,,,,,,,,,,,,,,,,,,,,,,,,,,,,
vehiclelicence.workcart,,,,,,,,,,,,,,,,,,,,,,,,,,,,,
vehiclelicence.workcartaboveground,,,,,,,,,,,,,,,,,,,,,,,,,,,,,
vehiclelicence.workcartabovegroundfree,,,,,,,,,,,,,,,,,,,,,,,,,,,,,
vehiclelicence.workcartfree,,,,,,,,,,,,,,,,,,,,,,,,,,,,,
virtualquarries.annual,,,,,,,,,,,,,,,,,,X,,X,X,X,X,X,,,,,
virtualquarries.bigdog,,,,,,,,,,,,,,X,,,,,,,,,,,,,,,
virtualquarries.default,X,,,,,,,,,,,,,,,,,,,,,,,,,,,,
virtualquarries.king,,,,,,,,,,,,,,,X,,,,,,,,,,,,,,
virtualquarries.moneybags,,,,,,,,,,,,,,,,,X,,X,X,X,X,X,X,,,,,
virtualquarries.overlord,,,,,,,,,,,,,,,,X,,,,,,,,,,,,,
virtualquarries.vip,,,,,,,,,,,,,X,,,,X,X,,X,X,X,X,X,,,,,
volcano.admin,,,,,,,,,,,,,,,,,,,,,,X,X,X,,,,,
volcano.immune,,,,,,,,,,,,,,,,,,,,,,,,,,,,,
waterbases.admin,,,,,,,,,,,,,,,,,,,,,,X,X,X,,,,,
waterbases.vip1,,,,,,,,,,,,,,,,,,,,,,,,,,,,,
waterbases.vip2,,,,,,,,,,,,,,,,,,,,,,,,,,,,,
waterbases.vip3,,,,,,,,,,,,,,,,,,,,,,,,,,,,,
waterbases.vip4,,,,,,,,,,,,,,,,,,,,,,,,,,,,,
waterbases.vip5,X,,,,,,,,,,,,,,,,,,,,,,,,,,,,
whitelist.bypass,,,,,,,,,,,,,,,,,,,X,X,X,X,X,X,,,,,
who.cancheckcodes,,,,,,,,,,,,,,,,,,,,,X,X,X,X,,,,,
who.cancheckowners,,,,,,,,,,,,,,,,,,,,X,X,X,X,X,,,,,
who.seedetails,,,,,,,,,,,,,,,,,,,,X,X,X,X,X,,,,,
xdquest.prestige.level10,,,,,,,,,,,X,,,,,,,,,,,,,,,,,,
xdstatistics.admin,,,,,,,,,,,,,,,,,,,,,,X,X,X,,,,,
xdstatistics.availability,,,,,,,,,,,,,,,,,,,,,,,,,,,,,
xdstatistics.reset,,,,,,,,,,,,,,,,,,,,,,,,,,,,,
zonemanager.ignoreflag.alwayslights,,,,,,,,,,,,,,,,,,,,,,,,,,,,,
zonemanager.ignoreflag.autolights,,,,,,,,,,,,,,,,,,,,,,,,,,,,,
zonemanager.ignoreflag.custom1,,,,,,,,,,,,,,,,,,,,,,,,,,,,,
zonemanager.ignoreflag.custom2,,,,,,,,,,,,,,,,,,,,,,,,,,,,,
zonemanager.ignoreflag.custom3,,,,,,,,,,,,,,,,,,,,,,,,,,,,,
zonemanager.ignoreflag.custom4,,,,,,,,,,,,,,,,,,,,,,,,,,,,,
zonemanager.ignoreflag.custom5,,,,,,,,,,,,,,,,,,,,,,,,,,,,,
zonemanager.ignoreflag.eject,,,,,,,,,,,,,,,,,,,,,,,,,,,,,
zonemanager.ignoreflag.ejectsleepers,,,,,,,,,,,,,,,,,,,,,,,,,,,,,
zonemanager.ignoreflag.infinitetrapammo,,,,,,,,,,,,,,,,,,,,,,,,,,,,,
zonemanager.ignoreflag.keepvehiclesin,,,,,,,,,,,,,,,,,,,,,,,,,,,,,
zonemanager.ignoreflag.keepvehiclesout,,,,,,,,,,,,,,,,,,,,,,,,,,,,,
zonemanager.ignoreflag.kill,,,,,,,,,,,,,,,,,,,,,,,,,,,,,
zonemanager.ignoreflag.killsleepers,,,,,,,,,,,,,,,,,,,,,,,,,,,,,
zonemanager.ignoreflag.lootself,,,,,,,,,,,,,,,,,,,,,,,,,,,,,
zonemanager.ignoreflag.noapctargeting,,,,,,,,,,,,,,,,,,,,,,,,,,,,,
zonemanager.ignoreflag.nobleed,,,,,,,,,,,,,,,,,,,,,,,,,,,,,
zonemanager.ignoreflag.noboxloot,,,,,,,,,,,,,,,,,,,,,,,,,,,,,
zonemanager.ignoreflag.nobuild,,,,,,,,,,,,,,,,,,,,,,,,,,,,,
zonemanager.ignoreflag.nobuildingdamage,,,,,,,,,,,,,,,,,,,,,,,,,,,,,
zonemanager.ignoreflag.nochat,,,,,,,,,,,,,,,,,,,,,,,,,,,,,
zonemanager.ignoreflag.nocollect,,,,,,,,,,,,,,,,,,,,,,,,,,,,,
zonemanager.ignoreflag.nocorpse,,,,,,,,,,,,,,,,,,,,,,,,,,,,,
zonemanager.ignoreflag.nocraft,,,,,,,,,,,,,,,,,,,,,,,,,,,,,
zonemanager.ignoreflag.nocup,,,,,,,,,,,,,,,,,,,,,,,,,,,,,
zonemanager.ignoreflag.nodecay,,,,,,,,,,,,,,,,,,,,,,,,,,,,,
zonemanager.ignoreflag.nodeploy,,,,,,,,,,,,,,,,,,,,,,,,,,,,,
zonemanager.ignoreflag.nodooraccess,,,,,,,,,,,,,,,,,,,,,,,,,,,,,
zonemanager.ignoreflag.nodrop,,,,,,,,,,,,,,,,,,,,,,,,,,,,,
zonemanager.ignoreflag.nodrown,,,,,,,,,,,,,,,,,,,,,,,,,,,,,
zonemanager.ignoreflag.noentitypickup,,,,,,,,,,,,,,,,,,,,,,,,,,,,,
zonemanager.ignoreflag.nofalldamage,,,,,,,,,,,,,,,,,,,,,,,,,,,,,
zonemanager.ignoreflag.nogather,,,,,,,,,,,,,,,,,,,,,,,,,,,,,
zonemanager.ignoreflag.nohelitargeting,,,,,,,,,,,,,,,,,,,,,,,,,,,,,
zonemanager.ignoreflag.nokits,,,,,,,,,,,,,,,,,,,,,,,,,,,,,
zonemanager.ignoreflag.nolootspawns,,,,,,,,,,,,,,,,,,,,,,,,,,,,,
zonemanager.ignoreflag.nonpcloot,,,,,,,,,,,,,,,,,,,,,,,,,,,,,
zonemanager.ignoreflag.nonpcspawns,,,,,,,,,,,,,,,,,,,,,,,,,,,,,
zonemanager.ignoreflag.nonpctargeting,,,,,,,,,,,,,,,,,,,,,,,,,,,,,
zonemanager.ignoreflag.nooventoggle,,,,,,,,,,,,,,,,,,,,,,,,,,,,,
zonemanager.ignoreflag.nopickup,,,,,,,,,,,,,,,,,,,,,,,,,,,,,
zonemanager.ignoreflag.noplayerloot,,,,,,,,,,,,,,,,,,,,,,,,,,,,,
zonemanager.ignoreflag.nopoison,,,,,,,,,,,,,,,,,,,,,,,,,,,,,
zonemanager.ignoreflag.nopve,,,,,,,,,,,,,,,,,,,,,,,,,,,,,
zonemanager.ignoreflag.noradiation,,,,,,,,,,,,,,,,,,,,,,,,,,,,,
zonemanager.ignoreflag.noremove,,,,,,,,,,,,,,,,,,,,,,,,,,,,,
zonemanager.ignoreflag.noshop,,,,,,,,,,,,,,,,,,,,,,,,,,,,,
zonemanager.ignoreflag.nosignupdates,,,,,,,,,,,,,,,,,,,,,,,,,,,,,
zonemanager.ignoreflag.nosprays,,,,,,,,,,,,,,,,,,,,,,,,,,,,,
zonemanager.ignoreflag.nostability,,,,,,,,,,,,,,,,,,,,,,,,,,,,,
zonemanager.ignoreflag.nostarvation,,,,,,,,,,,,,,,,,,,,,,,,,,,,,
zonemanager.ignoreflag.nostash,,,,,,,,,,,,,,,,,,,,,,,,,,,,,
zonemanager.ignoreflag.nosuicide,,,,,,,,,,,,,,,,,,,,,,,,,,,,,
zonemanager.ignoreflag.nothirst,,,,,,,,,,,,,,,,,,,,,,,,,,,,,
zonemanager.ignoreflag.notp,,,,,,,,,,,,,,,,,,,,,,,,,,,,,
zonemanager.ignoreflag.notrade,,,,,,,,,,,,,,,,,,,,,,,,,,,,,
zonemanager.ignoreflag.noturrettargeting,,,,,,,,,,,,,,,,,,,,,,,,,,,,,
zonemanager.ignoreflag.noupgrade,,,,,,,,,,,,,,,,,,,,,,,,,,,,,
zonemanager.ignoreflag.novehicledismounting,,,,,,,,,,,,,,,,,,,,,,,,,,,,,
zonemanager.ignoreflag.novehiclemounting,,,,,,,,,,,,,,,,,,,,,,,,,,,,,
zonemanager.ignoreflag.novending,,,,,,,,,,,,,,,,,,,,,,,,,,,,,
zonemanager.ignoreflag.novoice,,,,,,,,,,,,,,,,,,,,,,,,,,,,,
zonemanager.ignoreflag.nowounded,,,,,,,,,,,,,,,,,,,,,,,,,,,,,
zonemanager.ignoreflag.npcfreeze,,,,,,,,,,,,,,,,,,,,,,,,,,,,,
zonemanager.ignoreflag.poweredswitches,,,,,,,,,,,,,,,,,,,,,,,,,,,,,
zonemanager.ignoreflag.pvegod,,,,,,,,,,,,,,,,,,,,,,,,,,,,,
zonemanager.ignoreflag.pvpgod,,,,,,,,,,,,,,,,,,,,,,,,,,,,,
zonemanager.ignoreflag.sleepgod,,,,,,,,,,,,,,,,,,,,,,,,,,,,,
zonemanager.ignoreflag.undestr,,,,,,,,,,,,,,,,,,,,,,,,,,,,,
zonemanager.zone,,,,,,,,,,,,,,,,,,,,,,X,X,X,,,,,
,,,,,,,,,,,,,,,,,,,,,,,,,,,,,
,,,,,,,,,,,,,,,,,,,,,,,,,,,,,
,,,,,,,,,,,,,,,,,,,,,,,,,,,,,
,,,,,,,,,,,,,,,,,,,,,,,,,,,,,
,,,,,,,,,,,,,,,,,,,,,,,,,,,,,
,,,,,,,,,,,,,,,,,,,,,,,,,,,,,
,,,,,,,,,,,,,,,,,,,,,,,,,,,,,
,,,,,,,,,,,,,,,,,,,,,,,,,,,,,
,,,,,,,,,,,,,,,,,,,,,,,,,,,,,
,,,,,,,,,,,,,,,,,,,,,,,,,,,,,
,,,,,,,,,,,,,,,,,,,,,,,,,,,,,
,,,,,,,,,,,,,,,,,,,,,,,,,,,,,
,,,,,,,,,,,,,,,,,,,,,,,,,,,,,
,,,,,,,,,,,,,,,,,,,,,,,,,,,,,
,,,,,,,,,,,,,,,,,,,,,,,,,,,,,
,,,,,,,,,,,,,,,,,,,,,,,,,,,,,
,,,,,,,,,,,,,,,,,,,,,,,,,,,,,
,,,,,,,,,,,,,,,,,,,,,,,,,,,,,
,,,,,,,,,,,,,,,,,,,,,,,,,,,,,
,,,,,,,,,,,,,,,,,,,,,,,,,,,,,
,,,,,,,,,,,,,,,,,,,,,,,,,,,,,
,,,,,,,,,,,,,,,,,,,,,,,,,,,,,
,,,,,,,,,,,,,,,,,,,,,,,,,,,,,
,,,,,,,,,,,,,,,,,,,,,,,,,,,,,
,,,,,,,,,,,,,,,,,,,,,,,,,,,,,
,,,,,,,,,,,,,,,,,,,,,,,,,,,,,
,,,,,,,,,,,,,,,,,,,,,,,,,,,,,
,,,,,,,,,,,,,,,,,,,,,,,,,,,,,
,,,,,,,,,,,,,,,,,,,,,,,,,,,,,
,,,,,,,,,,,,,,,,,,,,,,,,,,,,,
,,,,,,,,,,,,,,,,,,,,,,,,,,,,,
,,,,,,,,,,,,,,,,,,,,,,,,,,,,,
,,,,,,,,,,,,,,,,,,,,,,,,,,,,,
,,,,,,,,,,,,,,,,,,,,,,,,,,,,,
,,,,,,,,,,,,,,,,,,,,,,,,,,,,,
,,,,,,,,,,,,,,,,,,,,,,,,,,,,,
,,,,,,,,,,,,,,,,,,,,,,,,,,,,,
,,,,,,,,,,,,,,,,,,,,,,,,,,,,,
,,,,,,,,,,,,,,,,,,,,,,,,,,,,,
,,,,,,,,,,,,,,,,,,,,,,,,,,,,,
,,,,,,,,,,,,,,,,,,,,,,,,,,,,,
,,,,,,,,,,,,,,,,,,,,,,,,,,,,,
,,,,,,,,,,,,,,,,,,,,,,,,,,,,,
,,,,,,,,,,,,,,,,,,,,,,,,,,,,,
,,,,,,,,,,,,,,,,,,,,,,,,,,,,,
,,,,,,,,,,,,,,,,,,,,,,,,,,,,,
,,,,,,,,,,,,,,,,,,,,,,,,,,,,,
,,,,,,,,,,,,,,,,,,,,,,,,,,,,,
,,,,,,,,,,,,,,,,,,,,,,,,,,,,,
,,,,,,,,,,,,,,,,,,,,,,,,,,,,,
,,,,,,,,,,,,,,,,,,,,,,,,,,,,,
,,,,,,,,,,,,,,,,,,,,,,,,,,,,,
,,,,,,,,,,,,,,,,,,,,,,,,,,,,,
,,,,,,,,,,,,,,,,,,,,,,,,,,,,,
,,,,,,,,,,,,,,,,,,,,,,,,,,,,,
,,,,,,,,,,,,,,,,,,,,,,,,,,,,,
,,,,,,,,,,,,,,,,,,,,,,,,,,,,,
,,,,,,,,,,,,,,,,,,,,,,,,,,,,,
,,,,,,,,,,,,,,,,,,,,,,,,,,,,,
,,,,,,,,,,,,,,,,,,,,,,,,,,,,,
,,,,,,,,,,,,,,,,,,,,,,,,,,,,,
,,,,,,,,,,,,,,,,,,,,,,,,,,,,,
,,,,,,,,,,,,,,,,,,,,,,,,,,,,,
,,,,,,,,,,,,,,,,,,,,,,,,,,,,,
,,,,,,,,,,,,,,,,,,,,,,,,,,,,,
,,,,,,,,,,,,,,,,,,,,,,,,,,,,,
,,,,,,,,,,,,,,,,,,,,,,,,,,,,,
,,,,,,,,,,,,,,,,,,,,,,,,,,,,,
,,,,,,,,,,,,,,,,,,,,,,,,,,,,,
,,,,,,,,,,,,,,,,,,,,,,,,,,,,,
,,,,,,,,,,,,,,,,,,,,,,,,,,,,,
,,,,,,,,,,,,,,,,,,,,,,,,,,,,,
,,,,,,,,,,,,,,,,,,,,,,,,,,,,,
,,,,,,,,,,,,,,,,,,,,,,,,,,,,,
,,,,,,,,,,,,,,,,,,,,,,,,,,,,,
,,,,,,,,,,,,,,,,,,,,,,,,,,,,,
,,,,,,,,,,,,,,,,,,,,,,,,,,,,,
,,,,,,,,,,,,,,,,,,,,,,,,,,,,,
,,,,,,,,,,,,,,,,,,,,,,,,,,,,,
,,,,,,,,,,,,,,,,,,,,,,,,,,,,,
,,,,,,,,,,,,,,,,,,,,,,,,,,,,,
,,,,,,,,,,,,,,,,,,,,,,,,,,,,,
,,,,,,,,,,,,,,,,,,,,,,,,,,,,,
,,,,,,,,,,,,,,,,,,,,,,,,,,,,,
,,,,,,,,,,,,,,,,,,,,,,,,,,,,,
,,,,,,,,,,,,,,,,,,,,,,,,,,,,,
,,,,,,,,,,,,,,,,,,,,,,,,,,,,,
,,,,,,,,,,,,,,,,,,,,,,,,,,,,,
,,,,,,,,,,,,,,,,,,,,,,,,,,,,,
,,,,,,,,,,,,,,,,,,,,,,,,,,,,,
,,,,,,,,,,,,,,,,,,,,,,,,,,,,,
